{"cameraMode":{"drawMode":0,"name":"Shaded","section":"Shading Mode"},"sceneLighting":false,"audioPlay":false,"sceneViewState":{"showFog":true,"showMaterialUpdate":true,"showSkybox":false,"showFlares":true,"showImageEffects":true,"showParticleSystems":true},"in2DMode":false,"pivot":{"x":0.6408524513244629,"y":0.18068818747997285,"z":1.7954695224761963},"rotation":{"x":-0.01419050432741642,"y":-0.860595703125,"z":0.024015037342905999,"w":-0.5085287094116211},"size":4.500175476074219,"orthographic":false}