{"cameraMode":{"drawMode":0,"name":"Shaded","section":"Shading Mode"},"sceneLighting":false,"audioPlay":false,"sceneViewState":{"showFog":true,"showMaterialUpdate":true,"showSkybox":false,"showFlares":true,"showImageEffects":true,"showParticleSystems":true},"in2DMode":false,"pivot":{"x":7.838903427124023,"y":7.930690765380859,"z":-23.792163848876954},"rotation":{"x":-0.35910001397132876,"y":0.20876379311084748,"z":-0.08275789767503739,"w":-0.9058818817138672},"size":34.071834564208987,"orthographic":false}