{"cameraMode":{"drawMode":0,"name":"Shaded","section":"Shading Mode"},"sceneLighting":false,"audioPlay":false,"sceneViewState":{"showFog":true,"showMaterialUpdate":true,"showSkybox":false,"showFlares":true,"showImageEffects":true,"showParticleSystems":true},"in2DMode":false,"pivot":{"x":-0.0017986297607421876,"y":-0.032256126403808597,"z":-0.0028467178344726564},"rotation":{"x":0.4141460657119751,"y":-0.3159063160419464,"z":0.1558857411146164,"w":0.8392770886421204},"size":18.5289363861084,"orthographic":false}