{"cameraMode":{"drawMode":0,"name":"Shaded","section":"Shading Mode"},"sceneLighting":false,"audioPlay":false,"sceneViewState":{"showFog":true,"showMaterialUpdate":true,"showSkybox":false,"showFlares":true,"showImageEffects":true,"showParticleSystems":true},"in2DMode":false,"pivot":{"x":1.1759133338928223,"y":-2.058821678161621,"z":1.7227078676223755},"rotation":{"x":-0.24632342159748078,"y":-0.48168718814849856,"z":0.1431664228439331,"w":-0.828742504119873},"size":2.379974842071533,"orthographic":false}