{"cameraMode":{"drawMode":0,"name":"Shaded","section":"Shading Mode"},"sceneLighting":false,"audioPlay":false,"sceneViewState":{"showFog":true,"showMaterialUpdate":true,"showSkybox":false,"showFlares":true,"showImageEffects":true,"showParticleSystems":true},"in2DMode":false,"pivot":{"x":-1.133049488067627,"y":5.99796724319458,"z":4.272563457489014},"rotation":{"x":0.15290693938732148,"y":-0.35167577862739565,"z":0.05834142863750458,"w":0.9217050671577454},"size":20.857261657714845,"orthographic":false}