{"cameraMode":{"drawMode":0,"name":"Shaded","section":"Shading Mode"},"sceneLighting":false,"audioPlay":false,"sceneViewState":{"showFog":true,"showMaterialUpdate":true,"showSkybox":false,"showFlares":true,"showImageEffects":true,"showParticleSystems":true},"in2DMode":false,"pivot":{"x":274.84796142578127,"y":-12.382218360900879,"z":-602.4583740234375},"rotation":{"x":-0.3594833016395569,"y":-0.055941496044397357,"z":0.021593119949102403,"w":-0.9312256574630737},"size":21.357234954833986,"orthographic":false}