{"cameraMode":{"drawMode":0,"name":"Shaded","section":"Shading Mode"},"sceneLighting":false,"audioPlay":false,"sceneViewState":{"showFog":true,"showMaterialUpdate":true,"showSkybox":false,"showFlares":true,"showImageEffects":true,"showParticleSystems":true},"in2DMode":false,"pivot":{"x":-0.02058178186416626,"y":0.045032382011413577,"z":346.00799560546877},"rotation":{"x":-0.006019433028995991,"y":-0.9739094376564026,"z":0.22536338865756989,"w":-0.026013623923063279},"size":0.5724695920944214,"orthographic":false}