{"cameraMode":{"drawMode":0,"name":"Shaded","section":"Shading Mode"},"sceneLighting":false,"audioPlay":false,"sceneViewState":{"showFog":true,"showMaterialUpdate":true,"showSkybox":false,"showFlares":true,"showImageEffects":true,"showParticleSystems":true},"in2DMode":false,"pivot":{"x":-0.45711565017700198,"y":-1.5621590614318848,"z":-0.11621809005737305},"rotation":{"x":0.4141460657119751,"y":-0.3159063160419464,"z":0.1558857411146164,"w":0.8392770886421204},"size":20.396467208862306,"orthographic":false}