{"cameraMode":{"drawMode":0,"name":"Shaded","section":"Shading Mode"},"sceneLighting":false,"audioPlay":false,"sceneViewState":{"showFog":true,"showMaterialUpdate":true,"showSkybox":false,"showFlares":true,"showImageEffects":true,"showParticleSystems":true},"in2DMode":false,"pivot":{"x":0.01980927772819996,"y":0.5800977945327759,"z":0.03649906814098358},"rotation":{"x":0.013905131258070469,"y":-0.9831403493881226,"z":0.08465825021266937,"w":0.1614808440208435},"size":0.032379671931266788,"orthographic":true}