{"cameraMode":{"drawMode":0,"name":"Shaded","section":"Shading Mode"},"sceneLighting":true,"audioPlay":false,"sceneViewState":{"showFog":true,"showMaterialUpdate":true,"showSkybox":false,"showFlares":true,"showImageEffects":true,"showParticleSystems":true},"in2DMode":false,"pivot":{"x":1085.123046875,"y":-165.78094482421876,"z":-70.45599365234375},"rotation":{"x":-0.07847671210765839,"y":0.8525792360305786,"z":-0.4989682137966156,"w":-0.13409192860126496},"size":145.45875549316407,"orthographic":false}