{"cameraMode":{"drawMode":0,"name":"Shaded","section":"Shading Mode"},"sceneLighting":false,"audioPlay":false,"sceneViewState":{"showFog":true,"showMaterialUpdate":true,"showSkybox":false,"showFlares":true,"showImageEffects":true,"showParticleSystems":true},"in2DMode":false,"pivot":{"x":0.0041599273681640629,"y":-0.09401988983154297,"z":20.043611526489259},"rotation":{"x":0.01005373615771532,"y":-0.5458921194076538,"z":0.006551043130457401,"w":0.8377703428268433},"size":25.44460678100586,"orthographic":false}