{"cameraMode":{"drawMode":0,"name":"Shaded","section":"Shading Mode"},"sceneLighting":false,"audioPlay":false,"sceneViewState":{"showFog":true,"showMaterialUpdate":true,"showSkybox":false,"showFlares":true,"showImageEffects":true,"showParticleSystems":true},"in2DMode":false,"pivot":{"x":-675.5987548828125,"y":-4.098267555236816,"z":-385.91839599609377},"rotation":{"x":-0.015842502936720849,"y":-0.9744880199432373,"z":0.21167905628681184,"w":-0.07293372601270676},"size":19.28825569152832,"orthographic":false}