{"cameraMode":{"drawMode":0,"name":"Shaded","section":"Shading Mode"},"sceneLighting":false,"audioPlay":false,"sceneViewState":{"showFog":true,"showMaterialUpdate":true,"showSkybox":false,"showFlares":true,"showImageEffects":true,"showParticleSystems":true},"in2DMode":false,"pivot":{"x":-0.1429917812347412,"y":0.45806074142456057,"z":-0.5172820091247559},"rotation":{"x":0.4141460657119751,"y":-0.3159063160419464,"z":0.1558857411146164,"w":0.8392770886421204},"size":18.51547622680664,"orthographic":false}