{"cameraMode":{"drawMode":0,"name":"Shaded","section":"Shading Mode"},"sceneLighting":false,"audioPlay":false,"sceneViewState":{"showFog":true,"showMaterialUpdate":true,"showSkybox":false,"showFlares":true,"showImageEffects":true,"showParticleSystems":true},"in2DMode":false,"pivot":{"x":0.25487709045410159,"y":18.20508575439453,"z":4.846042156219482},"rotation":{"x":0.22191821038722993,"y":-0.3422277569770813,"z":0.08353058993816376,"w":0.909205973148346},"size":46.00525665283203,"orthographic":false}