{"cameraMode":{"drawMode":0,"name":"Shaded","section":"Shading Mode"},"sceneLighting":false,"audioPlay":false,"sceneViewState":{"showFog":true,"showMaterialUpdate":true,"showSkybox":false,"showFlares":true,"showImageEffects":true,"showParticleSystems":true},"in2DMode":false,"pivot":{"x":0.768749475479126,"y":2.3175883293151857,"z":13.233268737792969},"rotation":{"x":0.2541799545288086,"y":-0.36554989218711855,"z":0.10448187589645386,"w":0.8892970681190491},"size":38.66950988769531,"orthographic":false}