{"cameraMode":{"drawMode":0,"name":"Shaded","section":"Shading Mode"},"sceneLighting":false,"audioPlay":false,"sceneViewState":{"showFog":true,"showMaterialUpdate":true,"showSkybox":false,"showFlares":true,"showImageEffects":true,"showParticleSystems":true},"in2DMode":false,"pivot":{"x":1.5018523931503297,"y":-0.29922354221343996,"z":-0.04667862504720688},"rotation":{"x":0.019346363842487336,"y":0.9794291853904724,"z":0.11511899530887604,"w":-0.16459858417510987},"size":0.25077641010284426,"orthographic":false}