{"cameraMode":{"drawMode":0,"name":"Shaded","section":"Shading Mode"},"sceneLighting":false,"audioPlay":false,"sceneViewState":{"showFog":true,"showMaterialUpdate":true,"showSkybox":false,"showFlares":true,"showImageEffects":true,"showParticleSystems":true},"in2DMode":false,"pivot":{"x":-0.44940948486328127,"y":-1.1769561767578126,"z":0.21311187744140626},"rotation":{"x":0.4141460657119751,"y":-0.3159063160419464,"z":0.1558857411146164,"w":0.8392770886421204},"size":31.200183868408204,"orthographic":false}