{"cameraMode":{"drawMode":0,"name":"Shaded","section":"Shading Mode"},"sceneLighting":false,"audioPlay":false,"sceneViewState":{"showFog":true,"showMaterialUpdate":true,"showSkybox":false,"showFlares":true,"showImageEffects":true,"showParticleSystems":true},"in2DMode":false,"pivot":{"x":-0.025201797485351564,"y":0.03533172607421875,"z":0.04377269744873047},"rotation":{"x":0.2541799545288086,"y":-0.36554989218711855,"z":0.10448187589645386,"w":0.8892970681190491},"size":24.62257194519043,"orthographic":false}