{"cameraMode":{"drawMode":0,"name":"Shaded","section":"Shading Mode"},"sceneLighting":false,"audioPlay":false,"sceneViewState":{"showFog":true,"showMaterialUpdate":true,"showSkybox":false,"showFlares":true,"showImageEffects":true,"showParticleSystems":true},"in2DMode":false,"pivot":{"x":-7.897037982940674,"y":-13.28554630279541,"z":-547.913330078125},"rotation":{"x":0.3385745584964752,"y":0.04936782270669937,"z":-0.017791513353586198,"w":0.939475417137146},"size":31.263511657714845,"orthographic":false}