{"cameraMode":{"drawMode":0,"name":"Shaded","section":"Shading Mode"},"sceneLighting":false,"audioPlay":false,"sceneViewState":{"showFog":true,"showMaterialUpdate":true,"showSkybox":false,"showFlares":true,"showImageEffects":true,"showParticleSystems":true},"in2DMode":false,"pivot":{"x":-0.005145445466041565,"y":0.011258095502853394,"z":0.0019988641142845155},"rotation":{"x":0.2885030508041382,"y":-0.6734052896499634,"z":0.3247923254966736,"w":0.5981656908988953},"size":0.14311958849430085,"orthographic":false}