{"cameraMode":{"drawMode":0,"name":"Shaded","section":"Shading Mode"},"sceneLighting":true,"audioPlay":false,"sceneViewState":{"showFog":true,"showMaterialUpdate":true,"showSkybox":true,"showFlares":true,"showImageEffects":true,"showParticleSystems":true},"in2DMode":false,"pivot":{"x":148.50485229492188,"y":130.43612670898438,"z":-1023.0582885742188},"rotation":{"x":0.048343632370233539,"y":-0.9515171051025391,"z":0.20619109272956849,"w":0.22308826446533204},"size":223.60122680664063,"orthographic":true}