{"cameraMode":{"drawMode":0,"name":"Shaded","section":"Shading Mode"},"sceneLighting":false,"audioPlay":false,"sceneViewState":{"showFog":true,"showMaterialUpdate":true,"showSkybox":false,"showFlares":true,"showImageEffects":true,"showParticleSystems":true},"in2DMode":false,"pivot":{"x":0.6492444276809692,"y":-0.5081141591072083,"z":1.7267173528671265},"rotation":{"x":0.3038942217826843,"y":-0.3344910144805908,"z":0.11490733921527863,"w":0.8846244812011719},"size":15.380977630615235,"orthographic":false}